
USE KIOSCO_JUNIOR;

INSERT INTO roles (nombre)
VALUES ('SuperUsuario'), ('Empleado'), ('Cliente');

INSERT INTO usuarios (nombre, apellido, dni, nombre_usuario, contrasenia, rol)
VALUES
('Mario', 'Rodriguez', 40576681, 'soyAdministrador000', 'superusuario000', 0),
('Juan', 'Dominguez', 47557016, 'soyEmpleado111', 'empleado111', 1),
('Emilia', 'Perez', 43587912, 'soyCliente222', 'cliente222', 2);

INSERT INTO tipos (nombre)
VALUES 
('Cigarrillos'),
('Bebidas'),
('Snacks'),
('Galletitas'),
('Dulces'),
('Comidas'),
('Otros');

INSERT INTO productos (nombre, tipo, descripcion, marca, precio, stock)
VALUES
('Philip Morris', 'Cigarrillos', 'Caja de 12 cigarrillos rubios.', 'Philip Morris', 400, 21),
('Melbourne', 'Cigarrillos', 'Caja de 20 cigarrillos rubios suaves.', 'Melbourne', 300, 20),
('Marlboro comun', 'Cigarrillos', 'Caja de cigarrillos con capsula convertible.', 'Marlboro', 500, 25),
('Marlboro Blue', 'Cigarrillos', 'Caja de cigarrillos con capsula convertible.', 'Marlboro', 700, 25),
('Chesterfield Original', 'Cigarrillos', 'Caja de 12 cigarrillos rubios.', 'Chesterfield', 350, 20),
('Camel comun', 'Cigarrillos', 'Caja de 20 cigarrillos rubios.', 'Camel', 670, 15),
('Master Filter', 'Cigarrillos', 'Caja de 20 cigarrillos rubios.', 'Master Filter', 300, 25),
('Lucky Strike', 'Cigarrillos', 'Caja de 12 cigarrillos rubios.', 'Lucky Strike', 600, 15),
('Lucky Strike Paris', 'Cigarrillos', 'Caja de 20 cigarrillos rubios.', 'Lucky Strike', 800, 15),
('Red Point', 'Cigarrillos', 'Caja de 20 cigarrillos rubios convertibles.', 'Red Point', 400, 15),
('Rothmans', 'Cigarrillos', 'Caja de 20 cigarrillos rubios.', 'Rothmans', 500, 25),
('Mediatarde', 'Galletitas', 'Galletitas crackers.', 'Bagley', 350, 20),
('Macucas', 'Galletitas', 'Galletitas de chocolate rellenas.', 'Arcor', 250, 15),
('Variadas', 'Galletitas', 'Galletitas surtidas.', 'Terrabusi', 500, 25),
('Sonrisas', 'Galletitas', 'Galletitas rellenas.', 'Bagley', 350, 15),
('Chocolinas', 'Galletitas', 'Galletitas simples de chocolate.', 'Bagley', 320, 15),
('Merengadas', 'Galletitas', 'Galletitas rellenas.', 'Bagley', 350, 15),
('Pitusas chocolate', 'Galletitas', 'Galletitas de cacao con crema.', 'ParNor', 250, 30),
('Frolitas', 'Galletitas', 'Galletitas con membrillo.', 'Trio', 400, 15),
('Bizcochos', 'Galletitas', 'Galletitas secas.', 'Arcor', 300, 20),
('Pitusas vainilla', 'Galletitas', 'Galletitas con crema de vainilla.', 'ParNor', 250, 30),
('Palitos', 'Snacks', 'Palitos sabor panceta.', 'PepsiCo', 400, 10),
('Lays', 'Snacks', 'Papas fritas simples.', 'PepsiCo', 350, 20),
('Rueditas', 'Snacks', 'Copetin a base de trigo.', 'PepsiCo', 400, 19),
('Lays jamon', 'Snacks', 'Papitas sabor jamon serrano.', 'PepsiCo', 600, 15),
('Doritos', 'Snacks', 'Doritos sabor queso.', 'PepsiCo', 350, 25),
('Twistos jamon', 'Snacks', 'Mini tostadas horneadas sabor jamon.', 'Twistos', 350, 15),
('Twistos queso', 'Snacks', 'Mini tostadas horneadas sabor queso.', 'Twistos', 350, 25),
('Saladix jamon', 'Snacks', 'Mini tostadas sabor jamon.', 'Arcor', 200, 20),
('Saladix queso', 'Snacks', 'Mini tostadas sabor queso.', 'Arcor', 200, 20),
('Saladix Cross', 'Snacks', 'Mini tostadas sabor jamon y queso.', 'Arcor', 250, 25),
('Block', 'Dulces', 'Tableta de chocolate negro.', 'Arcor', 500, 15),
('Cofler negro', 'Dulces', 'Tableta de chocolate negro.', 'Arcor', 350, 10),
('Cofler blanco', 'Dulces', 'Tableta de chocolate blanco.', 'Arcor', 350, 13),
('Bon o Bon', 'Dulces', 'Bombon de chocolate relleno.', 'Arcor', 300, 27),
('Marroc', 'Dulces', 'Bocadito de chocolate marroc.', 'Felfort', 250, 13),
('Shot', 'Dulces', 'Tableta de chocolate negro.', 'Shot', 450, 9),
('Milka comun', 'Dulces', 'Tableta de chocolate negro.', 'Milka', 400, 30),
('Milka Leger', 'Dulces', 'Tableta de chocolate negro aireado.', 'Cofler', 450, 15),
('Guaymallen comun', 'Dulces', 'Alfajor de chocolate negro.', 'Guaymallen', 300, 15),
('Guaymallen blanco', 'Dulces', 'Alfajor de chocolate blanco.', 'Guaymallen', 300, 25),
('Guaymallen triple', 'Dulces', 'Triple alfajor de chocolate negro.', 'Guaymallen', 500, 15),
('Jorgito comun', 'Dulces', 'Alfajor de chocolate negro.', 'Jorgito', 350, 15),
('Capitan del espacio', 'Dulces', 'Alfajor de chocolate negro.', 'Cap del espacio', 350, 15),
('Agua Villavicencio', 'Bebidas', 'Agua sin gas.', 'Villavicencio', 300, 30),
('Agua Kin', 'Bebidas', 'Agua sin gas.', 'Coca Cola', 250, 15),
('Agua Eco', 'Bebidas', 'Agua sin gas.', 'Eco Andes', 350, 30),
('Agua Glaciar', 'Bebidas', 'Agua sin gas.', 'Glaciar', 350, 15),
('Bonaqua', 'Bebidas', 'Agua sin gas.', 'Bonaqua', 300, 30),
('Smartwater', 'Bebidas', 'Agua sin gas.', 'Bonaqua', 400, 15),
('Cepita naranja', 'Bebidas', 'Jugo Cepita de naranja.', 'Coca Cola', 350, 15),
('Cepita manzana', 'Bebidas', 'Jugo Cepita de manzana.', 'Coca Cola', 350, 30),
('Cepita mix', 'Bebidas', 'Jugo Cepita sabor mix frutal.', 'Coca Cola', 350, 24),
('Baggio naranja', 'Bebidas', 'Jugo Baggio de naranja.', 'Baggio', 400, 15),
('Baggio manzana', 'Bebidas', 'Jugo Baggio de manzana.', 'Baggio', 400, 15),
('CocaCola media', 'Bebidas', 'Gaseosa sabor cola mediana.', 'Coca Cola', 600, 30),
('CocaCola grande', 'Bebidas', 'Gaseosa sabor cola grande.', 'Coca Cola', 700, 15),
('CocaCola Light', 'Bebidas', 'Gaseosa sin gas.', 'Coca Cola', 400, 15),
('Pepsi media', 'Bebidas', 'Gaseosa sabor cola mediana.', 'Pepsi', 600, 15),
('Pepsi media', 'Bebidas', 'Gaseosa sabor cola grande.', 'Pepsi', 700, 20),
('Seven Up', 'Bebidas', 'Gaseosa dietetica.', 'Coca Cola', 600, 15),
('Sprite', 'Bebidas', 'Gaseosa dietetica.', 'Coca Cola', 500, 10),
('Fanta', 'Bebidas', 'Jugo de naranja con gas.', 'Fanta', 500, 10),
('Sanguche de jyq', 'Comidas', 'Sanguche de miga de jamon y queso.', 'Local', 350, 15),
('Tostado', 'Comidas', 'Sanguche de jyq tostado.', 'Local', 600, 13),
('Pancho', 'Comidas', 'Pancho comun.', 'Local', 650, 15),
('Cono de papas', 'Comidas', 'Papas fritas en un cono de carton.', 'Local', 450, 15),
('Barbijo', 'Otros', 'Barbijo blanco comun.', 'Local', 250, 10),
('Encendedor', 'Otros', 'Encendedor comun.', 'Bic', 250, 30),
('Lapices', 'Otros', 'Caja de 12 lapices de colores.', 'FaberCastel', 600, 15),
('Regla', 'Otros', 'Regla de 20cm comun.', 'Local', 200, 15),
('Tijera', 'Otros', 'Tijera comun.', 'Local', 200, 30);